{
  "duration_ms": 80000,
  "instrumental": true,
  "positive_global_styles": [
    "corporate",
    "motivational",
    "electronic",
    "uplifting",
    "professional",
    "modern"
  ],
  "negative_global_styles": [
    "sad",
    "melancholic",
    "aggressive",
    "heavy metal",
    "rap"
  ],
  "sections": [
    {
      "section_name": "Opening",
      "duration_ms": 20000,
      "positive_local_styles": [
        "energetic opening",
        "building momentum",
        "light percussion",
        "synth pads"
      ],
      "negative_local_styles": ["too slow", "dramatic"],
      "lines": []
    },
    {
      "section_name": "Main Theme",
      "duration_ms": 35000,
      "positive_local_styles": [
        "peak energy",
        "driving rhythm",
        "confident",
        "business momentum"
      ],
      "negative_local_styles": ["mellow", "quiet"],
      "lines": []
    },
    {
      "section_name": "Finale",
      "duration_ms": 25000,
      "positive_local_styles": [
        "triumphant",
        "hopeful resolution",
        "uplifting"
      ],
      "negative_local_styles": ["fading", "diminishing"],
      "lines": []
    }
  ]
}
