{
  "duration_ms": 120000,
  "instrumental": true,
  "positive_global_styles": [
    "cinematic",
    "epic",
    "orchestral",
    "adventure",
    "heroic"
  ],
  "negative_global_styles": [
    "electronic",
    "pop",
    "modern",
    "sad"
  ],
  "sections": [
    {
      "section_name": "Dawn",
      "duration_ms": 25000,
      "positive_local_styles": [
        "soft",
        "mysterious",
        "building anticipation",
        "strings"
      ],
      "negative_local_styles": ["loud", "fast"],
      "lines": []
    },
    {
      "section_name": "Journey",
      "duration_ms": 30000,
      "positive_local_styles": [
        "adventurous",
        "forward momentum",
        "hopeful",
        "brass hints"
      ],
      "negative_local_styles": ["peaceful", "static"],
      "lines": []
    },
    {
      "section_name": "Battle",
      "duration_ms": 35000,
      "positive_local_styles": [
        "intense",
        "driving",
        "heroic",
        "full orchestra"
      ],
      "negative_local_styles": ["calm", "slow"],
      "lines": []
    },
    {
      "section_name": "Victory",
      "duration_ms": 30000,
      "positive_local_styles": [
        "triumphant",
        "emotional",
        "uplifting crescendo",
        "resolution"
      ],
      "negative_local_styles": ["mellow", "uncertain"],
      "lines": []
    }
  ]
}
